indicator_id,district_id,district_name,sector_id,sector_name,indicator_name,indicator_value,unit,indicator_definition,population_or_denominator,reference_period,data_type,source_document_id,printed_page,table_or_figure,extraction_status,quality_note,verified_by,verification_date,notes
IND0001,D001,Pune,SEC_IT,IT/ITeS,Candidate Aspiration,2784,Candidates,Number of candidates aspiring to work in sector,200000+ trainees,2023-07,Survey,MSSDS_MSNAS_2023,301,Bar Chart,Extracted,,,,
IND0002,D001,Pune,SEC_BFSI,BFSI,Candidate Aspiration,891,Candidates,Number of candidates aspiring to work in sector,200000+ trainees,2023-07,Survey,MSSDS_MSNAS_2023,301,Bar Chart,Extracted,,,,
IND0003,D001,Pune,SEC_HC,Healthcare,Candidate Aspiration,614,Candidates,Number of candidates aspiring to work in sector,200000+ trainees,2023-07,Survey,MSSDS_MSNAS_2023,301,Bar Chart,Extracted,,,,
IND0004,D001,Pune,SEC_ELEC,Electronics,Candidate Aspiration,606,Candidates,Number of candidates aspiring to work in sector,200000+ trainees,2023-07,Survey,MSSDS_MSNAS_2023,301,Bar Chart,Extracted,,,,
IND0005,D001,Pune,SEC_MGMT,Management,Candidate Aspiration,463,Candidates,Number of candidates aspiring to work in sector,200000+ trainees,2023-07,Survey,MSSDS_MSNAS_2023,301,Bar Chart,Extracted,,,,
IND0006,D001,Pune,SEC_BEAU,Beauty & Wellness,Candidate Aspiration,426,Candidates,Number of candidates aspiring to work in sector,200000+ trainees,2023-07,Survey,MSSDS_MSNAS_2023,301,Bar Chart,Extracted,,,,
IND0007,D001,Pune,SEC_AUTO,Automotive,Candidate Aspiration,375,Candidates,Number of candidates aspiring to work in sector,200000+ trainees,2023-07,Survey,MSSDS_MSNAS_2023,301,Bar Chart,Extracted,,,,
IND0008,D001,Pune,SEC_CONST,Construction,Candidate Aspiration,314,Candidates,Number of candidates aspiring to work in sector,200000+ trainees,2023-07,Survey,MSSDS_MSNAS_2023,301,Bar Chart,Extracted,,,,
IND0009,D001,Pune,SEC_AGRI,Agriculture,Candidate Aspiration,257,Candidates,Number of candidates aspiring to work in sector,200000+ trainees,2023-07,Survey,MSSDS_MSNAS_2023,301,Bar Chart,Extracted,,,,
IND0010,D001,Pune,SEC_FOOD,Food Processing,Candidate Aspiration,236,Candidates,Number of candidates aspiring to work in sector,200000+ trainees,2023-07,Survey,MSSDS_MSNAS_2023,301,Bar Chart,Extracted,,,,
IND0011,D001,Pune,SEC_AGRI,Agriculture,DSDP Training,1020,Candidates,DSDP training requirement,NA,2022-23,DSDP,MSSDS_MSNAS_2023,302,Bar Chart,Extracted,,,,
IND0012,D001,Pune,SEC_ELEC,Electronics,DSDP Training,960,Candidates,DSDP training requirement,NA,2022-23,DSDP,MSSDS_MSNAS_2023,302,Bar Chart,Extracted,,,,
IND0013,D001,Pune,SEC_CAP,Capital Goods,DSDP Training,930,Candidates,DSDP training requirement,NA,2022-23,DSDP,MSSDS_MSNAS_2023,302,Bar Chart,Extracted,,,,
IND0014,D001,Pune,SEC_AUTO,Automotive,DSDP Training,930,Candidates,DSDP training requirement,NA,2022-23,DSDP,MSSDS_MSNAS_2023,302,Bar Chart,Extracted,,,,
IND0015,D001,Pune,SEC_IT,IT/ITeS,DSDP Training,750,Candidates,DSDP training requirement,NA,2022-23,DSDP,MSSDS_MSNAS_2023,302,Bar Chart,Extracted,,,,
IND0016,D001,Pune,SEC_MEDIA,Media & Entertainment,DSDP Training,720,Candidates,DSDP training requirement,NA,2022-23,DSDP,MSSDS_MSNAS_2023,302,Bar Chart,Extracted,,,,
IND0017,D001,Pune,SEC_POWER,Power,DSDP Training,600,Candidates,DSDP training requirement,NA,2022-23,DSDP,MSSDS_MSNAS_2023,302,Bar Chart,Extracted,,,,
IND0018,D001,Pune,SEC_RUBBER,Rubber,DSDP Training,540,Candidates,DSDP training requirement,NA,2022-23,DSDP,MSSDS_MSNAS_2023,302,Bar Chart,Extracted,,,,
IND0019,D001,Pune,SEC_TOUR,Tourism & Hospitality,DSDP Training,510,Candidates,DSDP training requirement,NA,2022-23,DSDP,MSSDS_MSNAS_2023,302,Bar Chart,Extracted,,,,
IND0020,D001,Pune,SEC_LOG,Logistics,DSDP Training,360,Candidates,DSDP training requirement,NA,2022-23,DSDP,MSSDS_MSNAS_2023,302,Bar Chart,Extracted,,,,
IND0021,D001,Pune,SEC_TOUR,Tourism & Hospitality,Industry Size,24526,Employees,Number of employees in surveyed organizations,NA,2022-23,Industry Survey,MSSDS_MSNAS_2023,310,Inference Table,Extracted,,,,
IND0022,D001,Pune,SEC_BFSI,BFSI,Industry Size,22922,Employees,Number of employees in surveyed organizations,NA,2022-23,Industry Survey,MSSDS_MSNAS_2023,310,Inference Table,Extracted,,,,
IND0023,D001,Pune,SEC_LIFE,Life Science,Industry Size,20444,Employees,Number of employees in surveyed organizations,NA,2022-23,Industry Survey,MSSDS_MSNAS_2023,310,Inference Table,Extracted,,,,
IND0024,D001,Pune,SEC_AUTO,Automotive,Industry Size,19022,Employees,Number of employees in surveyed organizations,NA,2022-23,Industry Survey,MSSDS_MSNAS_2023,310,Inference Table,Extracted,,,,
IND0025,D001,Pune,SEC_POWER,Power,Industry Size,17005,Employees,Number of employees in surveyed organizations,NA,2022-23,Industry Survey,MSSDS_MSNAS_2023,310,Inference Table,Extracted,,,,
IND0026,D001,Pune,SEC_IT,IT/ITeS,Industry Size,8692,Employees,Number of employees in surveyed organizations,NA,2022-23,Industry Survey,MSSDS_MSNAS_2023,310,Inference Table,Extracted,,,,
IND0027,D001,Pune,SEC_FOOD,Food Processing,Industry Size,3920,Employees,Number of employees in surveyed organizations,NA,2022-23,Industry Survey,MSSDS_MSNAS_2023,310,Inference Table,Extracted,,,,
IND0028,D001,Pune,SEC_CAP,Capital Goods,Industry Size,2577,Employees,Number of employees in surveyed organizations,NA,2022-23,Industry Survey,MSSDS_MSNAS_2023,310,Inference Table,Extracted,,,,
IND0029,D001,Pune,SEC_ELEC,Electronics,Industry Size,2247,Employees,Number of employees in surveyed organizations,NA,2022-23,Industry Survey,MSSDS_MSNAS_2023,310,Inference Table,Extracted,,,,
IND0030,D001,Pune,SEC_APP,Apparel,Industry Size,1576,Employees,Number of employees in surveyed organizations,NA,2022-23,Industry Survey,MSSDS_MSNAS_2023,310,Inference Table,Extracted,,,,
IND0031,D001,Pune,SEC_TEXTILE,Textile,Industry Size,1500,Employees,Number of employees in surveyed organizations,NA,2022-23,Industry Survey,MSSDS_MSNAS_2023,310,Inference Table,Extracted,,,,
IND0032,D001,Pune,SEC_AGRI,Agriculture,Industry Size,1287,Employees,Number of employees in surveyed organizations,NA,2022-23,Industry Survey,MSSDS_MSNAS_2023,310,Inference Table,Extracted,,,,
IND0033,D001,Pune,SEC_LOG,Logistics,Industry Size,1278,Employees,Number of employees in surveyed organizations,NA,2022-23,Industry Survey,MSSDS_MSNAS_2023,310,Inference Table,Extracted,,,,
IND0034,D001,Pune,SEC_IRON,Iron & Steel,Industry Size,1260,Employees,Number of employees in surveyed organizations,NA,2022-23,Industry Survey,MSSDS_MSNAS_2023,310,Inference Table,Extracted,,,,
IND0035,D001,Pune,SEC_MGMT,Management,Industry Size,800,Employees,Number of employees in surveyed organizations,NA,2022-23,Industry Survey,MSSDS_MSNAS_2023,310,Inference Table,Extracted,,,,
IND0036,D001,Pune,SEC_HC,Healthcare,Industry Size,402,Employees,Number of employees in surveyed organizations,NA,2022-23,Industry Survey,MSSDS_MSNAS_2023,310,Inference Table,Extracted,,,,
IND0037,D001,Pune,SEC_RUBBER,Rubber,Industry Size,350,Employees,Number of employees in surveyed organizations,NA,2022-23,Industry Survey,MSSDS_MSNAS_2023,310,Inference Table,Extracted,,,,
IND0038,D001,Pune,SEC_MINING,Mining,Industry Size,160,Employees,Number of employees in surveyed organizations,NA,2022-23,Industry Survey,MSSDS_MSNAS_2023,310,Inference Table,Extracted,,,,
IND0039,D001,Pune,SEC_PAINT,Paints & Coatings,Industry Size,110,Employees,Number of employees in surveyed organizations,NA,2022-23,Industry Survey,MSSDS_MSNAS_2023,310,Inference Table,Extracted,,,,
IND0040,D001,Pune,SEC_BEAU,Beauty & Wellness,Industry Size,25,Employees,Number of employees in surveyed organizations,NA,2022-23,Industry Survey,MSSDS_MSNAS_2023,310,Inference Table,Extracted,,,,
IND0041,D001,Pune,SEC_CONST,Construction,Industry Size,13,Employees,Number of employees in surveyed organizations,NA,2022-23,Industry Survey,MSSDS_MSNAS_2023,310,Inference Table,Extracted,,,,
IND0042,D001,Pune,SEC_MEDIA,Media & Entertainment,Industry Size,4,Employees,Number of employees in surveyed organizations,NA,2022-23,Industry Survey,MSSDS_MSNAS_2023,310,Inference Table,Extracted,,,,
IND0043,D001,Pune,SEC_FURN,Furniture & Fittings,Industry Size,5,Employees,Number of employees in surveyed organizations,NA,2022-23,Industry Survey,MSSDS_MSNAS_2023,310,Inference Table,Extracted,,,,
IND0044,D001,Pune,SEC_APP,Apparel,MSSDS Training,2870,Candidates,Candidates trained under MSSDS schemes,NA,2022-23,MSSDS,MSSDS_MSNAS_2023,310,Inference Table,Extracted,,,,
IND0045,D001,Pune,SEC_BEAU,Beauty & Wellness,MSSDS Training,831,Candidates,Candidates trained under MSSDS schemes,NA,2022-23,MSSDS,MSSDS_MSNAS_2023,310,Inference Table,Extracted,,,,
IND0046,D001,Pune,SEC_BFSI,BFSI,MSSDS Training,240,Candidates,Candidates trained under MSSDS schemes,NA,2022-23,MSSDS,MSSDS_MSNAS_2023,310,Inference Table,Extracted,,,,
IND0047,D001,Pune,SEC_CAP,Capital Goods,MSSDS Training,1451,Candidates,Candidates trained under MSSDS schemes,NA,2022-23,MSSDS,MSSDS_MSNAS_2023,310,Inference Table,Extracted,,,,
IND0048,D001,Pune,SEC_DOM,Domestic Workers,MSSDS Training,738,Candidates,Candidates trained under MSSDS schemes,NA,2022-23,MSSDS,MSSDS_MSNAS_2023,310,Inference Table,Extracted,,,,
IND0049,D001,Pune,SEC_ELEC,Electronics,MSSDS Training,1561,Candidates,Candidates trained under MSSDS schemes,NA,2022-23,MSSDS,MSSDS_MSNAS_2023,310,Inference Table,Extracted,,,,
IND0050,D001,Pune,SEC_FOOD,Food Processing,MSSDS Training,3011,Candidates,Candidates trained under MSSDS schemes,NA,2022-23,MSSDS,MSSDS_MSNAS_2023,310,Inference Table,Extracted,,,,
IND0051,D001,Pune,SEC_IT,IT/ITeS,MSSDS Training,792,Candidates,Candidates trained under MSSDS schemes,NA,2022-23,MSSDS,MSSDS_MSNAS_2023,310,Inference Table,Extracted,,,,
IND0052,D001,Pune,SEC_LOG,Logistics,MSSDS Training,395,Candidates,Candidates trained under MSSDS schemes,NA,2022-23,MSSDS,MSSDS_MSNAS_2023,310,Inference Table,Extracted,,,,
IND0053,D001,Pune,SEC_MEDIA,Media & Entertainment,MSSDS Training,1500,Candidates,Candidates trained under MSSDS schemes,NA,2022-23,MSSDS,MSSDS_MSNAS_2023,310,Inference Table,Extracted,,,,
IND0054,D001,Pune,SEC_RUBBER,Rubber,MSSDS Training,60,Candidates,Candidates trained under MSSDS schemes,NA,2022-23,MSSDS,MSSDS_MSNAS_2023,310,Inference Table,Extracted,,,,
IND0055,D001,Pune,SEC_TELECOM,Telecom,MSSDS Training,660,Candidates,Candidates trained under MSSDS schemes,NA,2022-23,MSSDS,MSSDS_MSNAS_2023,310,Inference Table,Extracted,,,,
IND0056,D001,Pune,SEC_TOUR,Tourism & Hospitality,MSSDS Training,52,Candidates,Candidates trained under MSSDS schemes,NA,2022-23,MSSDS,MSSDS_MSNAS_2023,310,Inference Table,Extracted,,,,
IND0057,D002,Nashik,SEC_IT,IT/ITeS,Candidate Aspiration,1795,Candidates,Number of candidates aspiring to work in sector,200000+ trainees,2023-07,Survey,MSSDS_MSNAS_2023,264,Bar Chart,Extracted,,,,
IND0058,D002,Nashik,SEC_BFSI,BFSI,Candidate Aspiration,762,Candidates,Number of candidates aspiring to work in sector,200000+ trainees,2023-07,Survey,MSSDS_MSNAS_2023,264,Bar Chart,Extracted,,,,
IND0059,D002,Nashik,SEC_HC,Healthcare,Candidate Aspiration,686,Candidates,Number of candidates aspiring to work in sector,200000+ trainees,2023-07,Survey,MSSDS_MSNAS_2023,264,Bar Chart,Extracted,,,,
IND0060,D002,Nashik,SEC_MGMT,Management,Candidate Aspiration,541,Candidates,Number of candidates aspiring to work in sector,200000+ trainees,2023-07,Survey,MSSDS_MSNAS_2023,264,Bar Chart,Extracted,,,,
IND0061,D002,Nashik,SEC_ELEC,Electronics,Candidate Aspiration,460,Candidates,Number of candidates aspiring to work in sector,200000+ trainees,2023-07,Survey,MSSDS_MSNAS_2023,264,Bar Chart,Extracted,,,,
IND0062,D002,Nashik,SEC_AGRI,Agriculture,Candidate Aspiration,450,Candidates,Number of candidates aspiring to work in sector,200000+ trainees,2023-07,Survey,MSSDS_MSNAS_2023,264,Bar Chart,Extracted,,,,
IND0063,D002,Nashik,SEC_LIFE,Life Science,Candidate Aspiration,344,Candidates,Number of candidates aspiring to work in sector,200000+ trainees,2023-07,Survey,MSSDS_MSNAS_2023,264,Bar Chart,Extracted,,,,
IND0064,D002,Nashik,SEC_AUTO,Automotive,Candidate Aspiration,298,Candidates,Number of candidates aspiring to work in sector,200000+ trainees,2023-07,Survey,MSSDS_MSNAS_2023,264,Bar Chart,Extracted,,,,
IND0065,D002,Nashik,SEC_BEAU,Beauty & Wellness,Candidate Aspiration,271,Candidates,Number of candidates aspiring to work in sector,200000+ trainees,2023-07,Survey,MSSDS_MSNAS_2023,264,Bar Chart,Extracted,,,,
IND0066,D002,Nashik,SEC_CONST,Construction,Candidate Aspiration,253,Candidates,Number of candidates aspiring to work in sector,200000+ trainees,2023-07,Survey,MSSDS_MSNAS_2023,264,Bar Chart,Extracted,,,,
IND0067,D002,Nashik,SEC_AGRI,Agriculture,DSDP Training,2850,Candidates,DSDP training requirement,NA,2022-23,DSDP,MSSDS_MSNAS_2023,265,Bar Chart,Extracted,,,,
IND0068,D002,Nashik,SEC_DOM,Domestic Workers,DSDP Training,1540,Candidates,DSDP training requirement,NA,2022-23,DSDP,MSSDS_MSNAS_2023,265,Bar Chart,Extracted,,,,
IND0069,D002,Nashik,SEC_HC,Healthcare,DSDP Training,1230,Candidates,DSDP training requirement,NA,2022-23,DSDP,MSSDS_MSNAS_2023,265,Bar Chart,Extracted,,,,
IND0070,D002,Nashik,SEC_MGMT,Management,DSDP Training,1220,Candidates,DSDP training requirement,NA,2022-23,DSDP,MSSDS_MSNAS_2023,265,Bar Chart,Extracted,,,,
IND0071,D002,Nashik,SEC_FOOD,Food Processing,DSDP Training,1140,Candidates,DSDP training requirement,NA,2022-23,DSDP,MSSDS_MSNAS_2023,265,Bar Chart,Extracted,,,,
IND0072,D002,Nashik,SEC_HAND,Handicraft & Carpet,DSDP Training,1020,Candidates,DSDP training requirement,NA,2022-23,DSDP,MSSDS_MSNAS_2023,265,Bar Chart,Extracted,,,,
IND0073,D002,Nashik,SEC_ELEC,Electronics,DSDP Training,840,Candidates,DSDP training requirement,NA,2022-23,DSDP,MSSDS_MSNAS_2023,265,Bar Chart,Extracted,,,,
IND0074,D002,Nashik,SEC_FURN,Furniture & Fittings,DSDP Training,790,Candidates,DSDP training requirement,NA,2022-23,DSDP,MSSDS_MSNAS_2023,265,Bar Chart,Extracted,,,,
IND0075,D002,Nashik,SEC_CAP,Capital Goods,DSDP Training,640,Candidates,DSDP training requirement,NA,2022-23,DSDP,MSSDS_MSNAS_2023,265,Bar Chart,Extracted,,,,
IND0076,D002,Nashik,SEC_TOUR,Tourism & Hospitality,DSDP Training,630,Candidates,DSDP training requirement,NA,2022-23,DSDP,MSSDS_MSNAS_2023,265,Bar Chart,Extracted,,,,
IND0077,D002,Nashik,SEC_AUTO,Automotive,Industry Size,11687,Employees,Number of employees in surveyed organizations,NA,2022-23,Industry Survey,MSSDS_MSNAS_2023,272,Inference Table,Extracted,,,,
IND0078,D002,Nashik,SEC_TOUR,Tourism & Hospitality,Industry Size,8333,Employees,Number of employees in surveyed organizations,NA,2022-23,Industry Survey,MSSDS_MSNAS_2023,272,Inference Table,Extracted,,,,
IND0079,D002,Nashik,SEC_BFSI,BFSI,Industry Size,2968,Employees,Number of employees in surveyed organizations,NA,2022-23,Industry Survey,MSSDS_MSNAS_2023,272,Inference Table,Extracted,,,,
IND0080,D002,Nashik,SEC_CAP,Capital Goods,Industry Size,1521,Employees,Number of employees in surveyed organizations,NA,2022-23,Industry Survey,MSSDS_MSNAS_2023,272,Inference Table,Extracted,,,,
IND0081,D002,Nashik,SEC_MGMT,Management,Industry Size,1099,Employees,Number of employees in surveyed organizations,NA,2022-23,Industry Survey,MSSDS_MSNAS_2023,272,Inference Table,Extracted,,,,
IND0082,D002,Nashik,SEC_ELEC,Electronics,Industry Size,1060,Employees,Number of employees in surveyed organizations,NA,2022-23,Industry Survey,MSSDS_MSNAS_2023,272,Inference Table,Extracted,,,,
IND0083,D002,Nashik,SEC_AGRI,Agriculture,Industry Size,1058,Employees,Number of employees in surveyed organizations,NA,2022-23,Industry Survey,MSSDS_MSNAS_2023,272,Inference Table,Extracted,,,,
IND0084,D002,Nashik,SEC_FOOD,Food Processing,Industry Size,900,Employees,Number of employees in surveyed organizations,NA,2022-23,Industry Survey,MSSDS_MSNAS_2023,272,Inference Table,Extracted,,,,
IND0085,D002,Nashik,SEC_IT,IT/ITeS,Industry Size,430,Employees,Number of employees in surveyed organizations,NA,2022-23,Industry Survey,MSSDS_MSNAS_2023,272,Inference Table,Extracted,,,,
IND0086,D002,Nashik,SEC_IRON,Iron & Steel,Industry Size,264,Employees,Number of employees in surveyed organizations,NA,2022-23,Industry Survey,MSSDS_MSNAS_2023,272,Inference Table,Extracted,,,,
IND0087,D002,Nashik,SEC_RUBBER,Rubber,Industry Size,133,Employees,Number of employees in surveyed organizations,NA,2022-23,Industry Survey,MSSDS_MSNAS_2023,272,Inference Table,Extracted,,,,
IND0088,D002,Nashik,SEC_APP,Apparel,Industry Size,2,Employees,Number of employees in surveyed organizations,NA,2022-23,Industry Survey,MSSDS_MSNAS_2023,272,Inference Table,Extracted,,,,
IND0089,D002,Nashik,SEC_FURN,Furniture & Fittings,Industry Size,5,Employees,Number of employees in surveyed organizations,NA,2022-23,Industry Survey,MSSDS_MSNAS_2023,272,Inference Table,Extracted,,,,
IND0090,D002,Nashik,SEC_INFRA,Infrastructure,Industry Size,37,Employees,Number of employees in surveyed organizations,NA,2022-23,Industry Survey,MSSDS_MSNAS_2023,272,Inference Table,Extracted,,,,
IND0091,D002,Nashik,SEC_PAINT,Paints & Coatings,Industry Size,50,Employees,Number of employees in surveyed organizations,NA,2022-23,Industry Survey,MSSDS_MSNAS_2023,272,Inference Table,Extracted,,,,
IND0092,D002,Nashik,SEC_APP,Apparel,MSSDS Training,145,Candidates,Candidates trained under MSSDS schemes,NA,2022-23,MSSDS,MSSDS_MSNAS_2023,272,Inference Table,Extracted,,,,
IND0093,D002,Nashik,SEC_AUTO,Automotive,MSSDS Training,90,Candidates,Candidates trained under MSSDS schemes,NA,2022-23,MSSDS,MSSDS_MSNAS_2023,272,Inference Table,Extracted,,,,
IND0094,D002,Nashik,SEC_BEAU,Beauty & Wellness,MSSDS Training,294,Candidates,Candidates trained under MSSDS schemes,NA,2022-23,MSSDS,MSSDS_MSNAS_2023,272,Inference Table,Extracted,,,,
IND0095,D002,Nashik,SEC_BFSI,BFSI,MSSDS Training,120,Candidates,Candidates trained under MSSDS schemes,NA,2022-23,MSSDS,MSSDS_MSNAS_2023,272,Inference Table,Extracted,,,,
IND0096,D002,Nashik,SEC_CAP,Capital Goods,MSSDS Training,389,Candidates,Candidates trained under MSSDS schemes,NA,2022-23,MSSDS,MSSDS_MSNAS_2023,272,Inference Table,Extracted,,,,
IND0097,D002,Nashik,SEC_DOM,Domestic Workers,MSSDS Training,24,Candidates,Candidates trained under MSSDS schemes,NA,2022-23,MSSDS,MSSDS_MSNAS_2023,272,Inference Table,Extracted,,,,
IND0098,D002,Nashik,SEC_ELEC,Electronics,MSSDS Training,240,Candidates,Candidates trained under MSSDS schemes,NA,2022-23,MSSDS,MSSDS_MSNAS_2023,272,Inference Table,Extracted,,,,
IND0099,D002,Nashik,SEC_FOOD,Food Processing,MSSDS Training,434,Candidates,Candidates trained under MSSDS schemes,NA,2022-23,MSSDS,MSSDS_MSNAS_2023,272,Inference Table,Extracted,,,,
IND0100,D002,Nashik,SEC_HC,Healthcare,MSSDS Training,90,Candidates,Candidates trained under MSSDS schemes,NA,2022-23,MSSDS,MSSDS_MSNAS_2023,272,Inference Table,Extracted,,,,
IND0101,D002,Nashik,SEC_HYDRO,Hydrocarbon,MSSDS Training,120,Candidates,Candidates trained under MSSDS schemes,NA,2022-23,MSSDS,MSSDS_MSNAS_2023,272,Inference Table,Extracted,,,,
IND0102,D002,Nashik,SEC_IT,IT/ITeS,MSSDS Training,151,Candidates,Candidates trained under MSSDS schemes,NA,2022-23,MSSDS,MSSDS_MSNAS_2023,272,Inference Table,Extracted,,,,
IND0103,D002,Nashik,SEC_LEATHER,Leather,MSSDS Training,30,Candidates,Candidates trained under MSSDS schemes,NA,2022-23,MSSDS,MSSDS_MSNAS_2023,272,Inference Table,Extracted,,,,
IND0104,D002,Nashik,SEC_LIFE,Life Science,MSSDS Training,40,Candidates,Candidates trained under MSSDS schemes,NA,2022-23,MSSDS,MSSDS_MSNAS_2023,272,Inference Table,Extracted,,,,
IND0105,D002,Nashik,SEC_LOG,Logistics,MSSDS Training,20,Candidates,Candidates trained under MSSDS schemes,NA,2022-23,MSSDS,MSSDS_MSNAS_2023,272,Inference Table,Extracted,,,,
IND0106,D002,Nashik,SEC_MGMT,Management,MSSDS Training,23,Candidates,Candidates trained under MSSDS schemes,NA,2022-23,MSSDS,MSSDS_MSNAS_2023,272,Inference Table,Extracted,,,,
IND0107,D002,Nashik,SEC_MEDIA,Media & Entertainment,MSSDS Training,180,Candidates,Candidates trained under MSSDS schemes,NA,2022-23,MSSDS,MSSDS_MSNAS_2023,272,Inference Table,Extracted,,,,
IND0108,D002,Nashik,SEC_PLUMB,Plumbing,MSSDS Training,3,Candidates,Candidates trained under MSSDS schemes,NA,2022-23,MSSDS,MSSDS_MSNAS_2023,272,Inference Table,Extracted,,,,
IND0109,D002,Nashik,SEC_POWER,Power,MSSDS Training,233,Candidates,Candidates trained under MSSDS schemes,NA,2022-23,MSSDS,MSSDS_MSNAS_2023,272,Inference Table,Extracted,,,,
IND0110,D002,Nashik,SEC_TELECOM,Telecom,MSSDS Training,330,Candidates,Candidates trained under MSSDS schemes,NA,2022-23,MSSDS,MSSDS_MSNAS_2023,272,Inference Table,Extracted,,,,
IND0111,D002,Nashik,SEC_TOUR,Tourism & Hospitality,MSSDS Training,62,Candidates,Candidates trained under MSSDS schemes,NA,2022-23,MSSDS,MSSDS_MSNAS_2023,272,Inference Table,Extracted,,,,
IND0112,D003,Nagpur,SEC_IT,IT/ITeS,Candidate Aspiration,895,Candidates,Number of candidates aspiring to work in sector,200000+ trainees,2023-07,Survey,MSSDS_MSNAS_2023,230,Bar Chart,Extracted,,,,
IND0113,D003,Nagpur,SEC_ELEC,Electronics,Candidate Aspiration,607,Candidates,Number of candidates aspiring to work in sector,200000+ trainees,2023-07,Survey,MSSDS_MSNAS_2023,230,Bar Chart,Extracted,,,,
IND0114,D003,Nagpur,SEC_AGRI,Agriculture,Candidate Aspiration,499,Candidates,Number of candidates aspiring to work in sector,200000+ trainees,2023-07,Survey,MSSDS_MSNAS_2023,230,Bar Chart,Extracted,,,,
IND0115,D003,Nagpur,SEC_BFSI,BFSI,Candidate Aspiration,393,Candidates,Number of candidates aspiring to work in sector,200000+ trainees,2023-07,Survey,MSSDS_MSNAS_2023,230,Bar Chart,Extracted,,,,
IND0116,D003,Nagpur,SEC_MEDIA,Media & Entertainment,Candidate Aspiration,359,Candidates,Number of candidates aspiring to work in sector,200000+ trainees,2023-07,Survey,MSSDS_MSNAS_2023,230,Bar Chart,Extracted,,,,
IND0117,D003,Nagpur,SEC_BEAU,Beauty & Wellness,Candidate Aspiration,342,Candidates,Number of candidates aspiring to work in sector,200000+ trainees,2023-07,Survey,MSSDS_MSNAS_2023,230,Bar Chart,Extracted,,,,
IND0118,D003,Nagpur,SEC_MGMT,Management,Candidate Aspiration,291,Candidates,Number of candidates aspiring to work in sector,200000+ trainees,2023-07,Survey,MSSDS_MSNAS_2023,230,Bar Chart,Extracted,,,,
IND0119,D003,Nagpur,SEC_AUTO,Automotive,Candidate Aspiration,269,Candidates,Number of candidates aspiring to work in sector,200000+ trainees,2023-07,Survey,MSSDS_MSNAS_2023,230,Bar Chart,Extracted,,,,
IND0120,D003,Nagpur,SEC_TOUR,Tourism & Hospitality,Candidate Aspiration,165,Candidates,Number of candidates aspiring to work in sector,200000+ trainees,2023-07,Survey,MSSDS_MSNAS_2023,230,Bar Chart,Extracted,,,,
IND0121,D003,Nagpur,SEC_CONST,Construction,Candidate Aspiration,163,Candidates,Number of candidates aspiring to work in sector,200000+ trainees,2023-07,Survey,MSSDS_MSNAS_2023,230,Bar Chart,Extracted,,,,
IND0122,D003,Nagpur,SEC_TOUR,Tourism & Hospitality,DSDP Training,310,Candidates,DSDP training requirement,NA,2022-23,DSDP,MSSDS_MSNAS_2023,231,Bar Chart,Extracted,,,,
IND0123,D003,Nagpur,SEC_APP,Apparel,DSDP Training,300,Candidates,DSDP training requirement,NA,2022-23,DSDP,MSSDS_MSNAS_2023,231,Bar Chart,Extracted,,,,
IND0124,D003,Nagpur,SEC_MEDIA,Media & Entertainment,DSDP Training,250,Candidates,DSDP training requirement,NA,2022-23,DSDP,MSSDS_MSNAS_2023,231,Bar Chart,Extracted,,,,
IND0125,D003,Nagpur,SEC_ELEC,Electronics,DSDP Training,220,Candidates,DSDP training requirement,NA,2022-23,DSDP,MSSDS_MSNAS_2023,231,Bar Chart,Extracted,,,,
IND0126,D003,Nagpur,SEC_LOG,Logistics,DSDP Training,180,Candidates,DSDP training requirement,NA,2022-23,DSDP,MSSDS_MSNAS_2023,231,Bar Chart,Extracted,,,,
IND0127,D003,Nagpur,SEC_IT,IT/ITeS,DSDP Training,180,Candidates,DSDP training requirement,NA,2022-23,DSDP,MSSDS_MSNAS_2023,231,Bar Chart,Extracted,,,,
IND0128,D003,Nagpur,SEC_BEAU,Beauty & Wellness,DSDP Training,160,Candidates,DSDP training requirement,NA,2022-23,DSDP,MSSDS_MSNAS_2023,231,Bar Chart,Extracted,,,,
IND0129,D003,Nagpur,SEC_CAP,Capital Goods,DSDP Training,160,Candidates,DSDP training requirement,NA,2022-23,DSDP,MSSDS_MSNAS_2023,231,Bar Chart,Extracted,,,,
IND0130,D003,Nagpur,SEC_CONST,Construction,DSDP Training,160,Candidates,DSDP training requirement,NA,2022-23,DSDP,MSSDS_MSNAS_2023,231,Bar Chart,Extracted,,,,
IND0131,D003,Nagpur,SEC_AGRI,Agriculture,DSDP Training,140,Candidates,DSDP training requirement,NA,2022-23,DSDP,MSSDS_MSNAS_2023,231,Bar Chart,Extracted,,,,
IND0132,D003,Nagpur,SEC_IT,IT/ITeS,Industry Size,5551,Employees,Number of employees in surveyed organizations,NA,2022-23,Industry Survey,MSSDS_MSNAS_2023,239,Inference Table,Extracted,,,,
IND0133,D003,Nagpur,SEC_BFSI,BFSI,Industry Size,3207,Employees,Number of employees in surveyed organizations,NA,2022-23,Industry Survey,MSSDS_MSNAS_2023,239,Inference Table,Extracted,,,,
IND0134,D003,Nagpur,SEC_AUTO,Automotive,Industry Size,2694,Employees,Number of employees in surveyed organizations,NA,2022-23,Industry Survey,MSSDS_MSNAS_2023,239,Inference Table,Extracted,,,,
IND0135,D003,Nagpur,SEC_IRON,Iron & Steel,Industry Size,850,Employees,Number of employees in surveyed organizations,NA,2022-23,Industry Survey,MSSDS_MSNAS_2023,239,Inference Table,Extracted,,,,
IND0136,D003,Nagpur,SEC_MGMT,Management,Industry Size,222,Employees,Number of employees in surveyed organizations,NA,2022-23,Industry Survey,MSSDS_MSNAS_2023,239,Inference Table,Extracted,,,,
IND0137,D003,Nagpur,SEC_ELEC,Electronics,Industry Size,168,Employees,Number of employees in surveyed organizations,NA,2022-23,Industry Survey,MSSDS_MSNAS_2023,239,Inference Table,Extracted,,,,
IND0138,D003,Nagpur,SEC_LOG,Logistics,Industry Size,125,Employees,Number of employees in surveyed organizations,NA,2022-23,Industry Survey,MSSDS_MSNAS_2023,239,Inference Table,Extracted,,,,
IND0139,D003,Nagpur,SEC_AGRI,Agriculture,Industry Size,37,Employees,Number of employees in surveyed organizations,NA,2022-23,Industry Survey,MSSDS_MSNAS_2023,239,Inference Table,Extracted,,,,
IND0140,D003,Nagpur,SEC_CAP,Capital Goods,Industry Size,27,Employees,Number of employees in surveyed organizations,NA,2022-23,Industry Survey,MSSDS_MSNAS_2023,239,Inference Table,Extracted,,,,
IND0141,D003,Nagpur,SEC_CONST,Construction,Industry Size,25,Employees,Number of employees in surveyed organizations,NA,2022-23,Industry Survey,MSSDS_MSNAS_2023,239,Inference Table,Extracted,,,,
IND0142,D003,Nagpur,SEC_FOOD,Food Processing,Industry Size,23,Employees,Number of employees in surveyed organizations,NA,2022-23,Industry Survey,MSSDS_MSNAS_2023,239,Inference Table,Extracted,,,,
IND0143,D003,Nagpur,SEC_APP,Apparel,Industry Size,1,Employees,Number of employees in surveyed organizations,NA,2022-23,Industry Survey,MSSDS_MSNAS_2023,239,Inference Table,Extracted,,,,
IND0144,D003,Nagpur,SEC_AERO,Aerospace & Aviation,MSSDS Training,299,Candidates,Candidates trained under MSSDS schemes,NA,2022-23,MSSDS,MSSDS_MSNAS_2023,239,Inference Table,Extracted,,,,
IND0145,D003,Nagpur,SEC_AGRI,Agriculture,MSSDS Training,1290,Candidates,Candidates trained under MSSDS schemes,NA,2022-23,MSSDS,MSSDS_MSNAS_2023,239,Inference Table,Extracted,,,,
IND0146,D003,Nagpur,SEC_APP,Apparel,MSSDS Training,1070,Candidates,Candidates trained under MSSDS schemes,NA,2022-23,MSSDS,MSSDS_MSNAS_2023,239,Inference Table,Extracted,,,,
IND0147,D003,Nagpur,SEC_AUTO,Automotive,MSSDS Training,50,Candidates,Candidates trained under MSSDS schemes,NA,2022-23,MSSDS,MSSDS_MSNAS_2023,239,Inference Table,Extracted,,,,
IND0148,D003,Nagpur,SEC_BEAU,Beauty & Wellness,MSSDS Training,479,Candidates,Candidates trained under MSSDS schemes,NA,2022-23,MSSDS,MSSDS_MSNAS_2023,239,Inference Table,Extracted,,,,
IND0149,D003,Nagpur,SEC_CAP,Capital Goods,MSSDS Training,190,Candidates,Candidates trained under MSSDS schemes,NA,2022-23,MSSDS,MSSDS_MSNAS_2023,239,Inference Table,Extracted,,,,
IND0150,D003,Nagpur,SEC_DOM,Domestic Workers,MSSDS Training,150,Candidates,Candidates trained under MSSDS schemes,NA,2022-23,MSSDS,MSSDS_MSNAS_2023,239,Inference Table,Extracted,,,,
IND0151,D003,Nagpur,SEC_ELEC,Electronics,MSSDS Training,399,Candidates,Candidates trained under MSSDS schemes,NA,2022-23,MSSDS,MSSDS_MSNAS_2023,239,Inference Table,Extracted,,,,
IND0152,D003,Nagpur,SEC_FOOD,Food Processing,MSSDS Training,150,Candidates,Candidates trained under MSSDS schemes,NA,2022-23,MSSDS,MSSDS_MSNAS_2023,239,Inference Table,Extracted,,,,
IND0153,D003,Nagpur,SEC_GEM,Gem & Jewellery,MSSDS Training,685,Candidates,Candidates trained under MSSDS schemes,NA,2022-23,MSSDS,MSSDS_MSNAS_2023,239,Inference Table,Extracted,,,,
IND0154,D003,Nagpur,SEC_GREEN,Green Jobs,MSSDS Training,200,Candidates,Candidates trained under MSSDS schemes,NA,2022-23,MSSDS,MSSDS_MSNAS_2023,239,Inference Table,Extracted,,,,
IND0155,D003,Nagpur,SEC_INST,Instrumentation,MSSDS Training,3875,Candidates,Candidates trained under MSSDS schemes,NA,2022-23,MSSDS,MSSDS_MSNAS_2023,239,Inference Table,Extracted,,,,
IND0156,D003,Nagpur,SEC_IT,IT/ITeS,MSSDS Training,400,Candidates,Candidates trained under MSSDS schemes,NA,2022-23,MSSDS,MSSDS_MSNAS_2023,239,Inference Table,Extracted,,,,
IND0157,D003,Nagpur,SEC_LIFE,Life Science,MSSDS Training,60,Candidates,Candidates trained under MSSDS schemes,NA,2022-23,MSSDS,MSSDS_MSNAS_2023,239,Inference Table,Extracted,,,,
IND0158,D003,Nagpur,SEC_MGMT,Management,MSSDS Training,330,Candidates,Candidates trained under MSSDS schemes,NA,2022-23,MSSDS,MSSDS_MSNAS_2023,239,Inference Table,Extracted,,,,
IND0159,D003,Nagpur,SEC_MEDIA,Media & Entertainment,MSSDS Training,2810,Candidates,Candidates trained under MSSDS schemes,NA,2022-23,MSSDS,MSSDS_MSNAS_2023,239,Inference Table,Extracted,,,,
IND0160,D003,Nagpur,SEC_POWER,Power,MSSDS Training,260,Candidates,Candidates trained under MSSDS schemes,NA,2022-23,MSSDS,MSSDS_MSNAS_2023,239,Inference Table,Extracted,,,,
IND0161,D003,Nagpur,SEC_TELECOM,Telecom,MSSDS Training,530,Candidates,Candidates trained under MSSDS schemes,NA,2022-23,MSSDS,MSSDS_MSNAS_2023,239,Inference Table,Extracted,,,,
IND0162,D003,Nagpur,SEC_TOUR,Tourism & Hospitality,MSSDS Training,1394,Candidates,Candidates trained under MSSDS schemes,NA,2022-23,MSSDS,MSSDS_MSNAS_2023,239,Inference Table,Extracted,,,,